<Application xmlns="http://schemas.microsoft.com/windows/2009/Scenic/Intent">
  <Application.Commands>
    <Command Name="tabHome" LabelTitle="Home" />
    <Command Name="grpMain" LabelTitle="Main" />
    <Command Name="grpColors" LabelTitle="Paint Settings" />

    <Command Name="cmdColors" LabelTitle="Select Color" Id="100"  TooltipTitle="Color" TooltipDescription="Pick current stroke color">
      <Command.SmallImages>
        <Image Source="ribbonRes\\Paint.bmp" />
      </Command.SmallImages>
    </Command>

    <Command Name="cmdHelp" LabelTitle="Help" Id="101" />
    <Command Name="cmdSpinner" LabelTitle="Stroke Size" Id="102" />

    <Command Name="cmdExit" LabelTitle="Exit application" Id="103" Keytip="Exit App" TooltipTitle="Exit" TooltipDescription="Exit the application">
      <Command.LargeImages>
        <Image Source="ribbonRes\\Exit.bmp" />
      </Command.LargeImages>
    </Command>

    <Command Name="cmdClear" LabelTitle="Clear Canvas" Id="104" Keytip="Clear Screen" TooltipTitle="Clear" TooltipDescription="Clear the screen">
      <Command.SmallImages>
        <Image Source="ribbonRes\\ClearSm.bmp" />
      </Command.SmallImages>
      <Command.LargeImages>
        <Image Source="ribbonRes\\ClearLg.bmp" />
      </Command.LargeImages>
    </Command>

    <Command Name="recentItems" LabelTitle="Recent Items" />
    <Command Name="QAT" LabelTitle="QuickAccess" />
    <Command Name="customizeQAT" LabelTitle="Customize..." />

  </Application.Commands>

  <Application.Views>
    <Ribbon>

      <Ribbon.ApplicationMenu>
        <ApplicationMenu>
          <ApplicationMenu.RecentItems>
            <RecentItems CommandName="recentItems" Pinnable="true" MaxCount="5" />
          </ApplicationMenu.RecentItems>
          <MenuGroup>
            <Button CommandName="cmdExit" />
          </MenuGroup>
        </ApplicationMenu>
      </Ribbon.ApplicationMenu>

      <Ribbon.QuickAccessToolbar>
        <QuickAccessToolbar CommandName="QAT" CustomizeCommandName="customizeQAT">
          <QuickAccessToolbar.ApplicationDefaults>
            <Button CommandName="cmdClear" />
          </QuickAccessToolbar.ApplicationDefaults>
        </QuickAccessToolbar>
      </Ribbon.QuickAccessToolbar>

      <Ribbon.Tabs>
        <Tab CommandName="tabHome">
          <Group CommandName="grpMain">
            <Button CommandName="cmdClear" />
            <Button CommandName="cmdExit" />
          </Group>
          <Group CommandName="grpColors">
            <DropDownColorPicker CommandName="cmdColors" ChipSize="Medium"
                                 ColorTemplate="ThemeColors"
                                 AutomaticColorButtonVisible = "false" />
            <Spinner CommandName="cmdSpinner" />
          </Group>
        </Tab>
      </Ribbon.Tabs>
      <Ribbon.HelpButton>
        <HelpButton CommandName="cmdHelp" />
      </Ribbon.HelpButton>
    </Ribbon>
  </Application.Views>
</Application>
