<?xml version="1.0" encoding="utf-8"?>
<words>
  <letter value="A">
    <word>Abdicate</word>
    <word>Abhor</word>
    <word>Acquiesce</word>
    <word>Acumen</word>
    <word>Admonish</word>
    <word>Adroit</word>
    <word>Adulation</word>
    <word>Advocate</word>
    <word>Aesthetics</word>
    <word>Affinity</word>
    <word>Affirmation</word>
    <word>Agile</word>
    <word>Allay</word>
    <word>Alleviate</word>
    <word>Altruist</word>
    <word>Ambivalent</word>
    <word>Ameliorate</word>
    <word>Amendable</word>
    <word>Amicable</word>
    <word>Amnesty</word>
    <word>Amorphous</word>
    <word>Anarchy</word>
    <word>Anguished</word>
    <word>Animosity</word>
    <word>Annihilate</word>
    <word>Annul</word>
    <word>Anomaly</word>
    <word>Antagonism</word>
    <word>Anthology</word>
    <word>Antithesis</word>
    <word>Apathy</word>
    <word>Apex</word>
    <word>Arable</word>
    <word>Archaic</word>
    <word>Arid</word>
    <word>Arrogant</word>
    <word>Artifice</word>
    <word>Assiduous</word>
    <word>Austere</word>
    <word>Aversion</word>
    <word>Avid</word>
  </letter>
  <letter value="B">
    <word>Balk</word>
    <word>Banal</word>
    <word>Belittle</word>
    <word>Bellicose</word>
    <word>Bellicose</word>
    <word>Benevolent</word>
    <word>Benign</word>
    <word>Blanch</word>
    <word>Blatant</word>
    <word>Braggart</word>
    <word>Brevity</word>
    <word>Burgeoning</word>
    <word>Burnish</word>
  </letter>
  <letter value="C">
    <word>Callow</word>
    <word>Cantankerous</word>
    <word>Cantankerous</word>
    <word>Capitulate</word>
    <word>Capricious</word>
    <word>Caricature</word>
    <word>Castigate</word>
    <word>Censure</word>
    <word>Cessation</word>
    <word>Chameleon</word>
    <word>Champion</word>
    <word>Chasm</word>
    <word>Chastise</word>
    <word>Chicanery</word>
    <word>Circumlocution</word>
    <word>Clamor</word>
    <word>Clandestine</word>
    <word>Clemency</word>
    <word>Clinch</word>
    <word>Coalesce</word>
    <word>Coddle</word>
    <word>Cogent</word>
    <word>Collusion</word>
    <word>Commend</word>
    <word>Compatible</word>
    <word>Compliant</word>
    <word>Complicity</word>
    <word>Conceited</word>
    <word>Conciliate</word>
    <word>Condone</word>
    <word>Conflagration</word>
    <word>Congenial</word>
    <word>Congenial</word>
    <word>Conservative</word>
    <word>Consummate</word>
    <word>Contempt</word>
    <word>Contemptuous</word>
    <word>Contentious</word>
    <word>Contest</word>
    <word>Contort</word>
    <word>Convene</word>
    <word>Conventional</word>
    <word>Convivial</word>
    <word>Copious</word>
    <word>Cordial</word>
    <word>Corroborate</word>
    <word>Cryptic</word>
    <word>Cumbersome</word>
    <word>Cursory</word>
    <word>Cynical</word>
  </letter>
  <letter value="D">
    <word>Daunt</word>
    <word>Dawdle</word>
    <word>Dearth</word>
    <word>Deceit</word>
    <word>Decorum</word>
    <word>Defamatory</word>
    <word>Deference</word>
    <word>Defiant</word>
    <word>Delinquent</word>
    <word>Demure</word>
    <word>Deplorable</word>
    <word>Derogatory</word>
    <word>Destitute</word>
    <word>Deter</word>
    <word>Dexterity</word>
    <word>Diatribe</word>
    <word>Diffuse</word>
    <word>Digress</word>
    <word>Dilatory</word>
    <word>Diligent</word>
    <word>Discrepancy</word>
    <word>Disdainful</word>
    <word>Dishearten</word>
    <word>Dismantle</word>
    <word>Disparage</word>
    <word>Dissent</word>
    <word>Dissonance</word>
    <word>Distraught</word>
    <word>Dither</word>
    <word>Docile</word>
    <word>Dogmatic</word>
    <word>Doleful</word>
    <word>Dour</word>
    <word>Dupe</word>
  </letter>
  <letter value="E">
    <word>Eclectic</word>
    <word>Egotistical</word>
    <word>Eloquence</word>
    <word>Embellish</word>
    <word>Empathy</word>
    <word>Endorse</word>
    <word>Enervate</word>
    <word>Engender</word>
    <word>Ephemeral</word>
    <word>Epitomize</word>
    <word>Eradicate</word>
    <word>Erudite</word>
    <word>Eschew</word>
    <word>Espouse</word>
    <word>Eulogy</word>
    <word>Euphony</word>
    <word>Exacerbate</word>
    <word>Excise</word>
    <word>Exhort</word>
    <word>Exonerate</word>
    <word>Extraneous</word>
    <word>Extricate</word>
  </letter>
  <letter value="F">
    <word>Fabricate</word>
    <word>Facade</word>
    <word>Facilitate</word>
    <word>Fallacious</word>
    <word>Fatuous</word>
    <word>Fecund</word>
    <word>Fetid</word>
    <word>Fervent</word>
    <word>Flamboyant</word>
    <word>Flippant</word>
    <word>Foolhardy</word>
    <word>Foster</word>
    <word>Fracas</word>
    <word>Frenetic</word>
    <word>Frivolous</word>
    <word>Frugal</word>
    <word>Furtive</word>
  </letter>
  <letter value="G">
    <word>Garble</word>
    <word>Gaunt</word>
    <word>Grandiloquent</word>
    <word>Grate</word>
    <word>Gravity</word>
    <word>Gregarious</word>
    <word>Grimace</word>
    <word>Guileless</word>
    <word>Guise</word>
  </letter>
  <letter value="H">
    <word>Haggard</word>
    <word>Haughty</word>
    <word>Heathen</word>
    <word>Heterogeneous</word>
    <word>Hiatus</word>
    <word>Hinder</word>
    <word>Hoard</word>
    <word>Hyperbole</word>
  </letter>
  <letter value="I">
    <word>Idle</word>
    <word>Ignominy</word>
    <word>Immutable</word>
    <word>Immutable</word>
    <word>Impassive</word>
    <word>Impeccable</word>
    <word>Impecunious</word>
    <word>Imperious</word>
    <word>Impetuous</word>
    <word>Implacable</word>
    <word>Implore</word>
    <word>Impromptu</word>
    <word>Inadvertent</word>
    <word>Incessant</word>
    <word>Incipient</word>
    <word>Inclined</word>
    <word>Incongruous</word>
    <word>Indefatigable</word>
    <word>Indict</word>
    <word>Indigenous</word>
    <word>Indigent</word>
    <word>Indolent</word>
    <word>Indulgent</word>
    <word>Inept</word>
    <word>Inert</word>
    <word>Infallible</word>
    <word>Infamous</word>
    <word>Infinitesimal</word>
    <word>Inherent</word>
    <word>Iniquity</word>
    <word>Innate</word>
    <word>Innocuous</word>
    <word>Insipid</word>
    <word>Insolent</word>
    <word>Insolent</word>
    <word>Instigate</word>
    <word>Integral</word>
    <word>Interminable</word>
    <word>Intermittent</word>
    <word>Intransigent</word>
    <word>Inundate</word>
    <word>Invective</word>
    <word>Itinerary</word>
  </letter>
  <letter value="J">
    <word>Jocular</word>
    <word>Judicious</word>
  </letter>
  <letter value="K">
    <word>Kindle</word>
  </letter>
  <letter value="L">
    <word>Laconic</word>
    <word>Lament</word>
    <word>Laud</word>
    <word>Lenient</word>
    <word>Levity</word>
    <word>Loathe</word>
    <word>Loquacious</word>
    <word>Loquacious</word>
    <word>Lucid</word>
    <word>Lucrative</word>
    <word>Lurid</word>
    <word>Lurk</word>
  </letter>
  <letter value="M">
    <word>Magnanimous</word>
    <word>Malevolent</word>
    <word>Malleable</word>
    <word>Maverick</word>
    <word>Meditate</word>
    <word>Menial</word>
    <word>Mercenary</word>
    <word>Meticulous</word>
    <word>Mirth</word>
    <word>Misanthrope</word>
    <word>Mobile</word>
    <word>Mock</word>
    <word>Mollify</word>
    <word>Monotonous</word>
    <word>Morose</word>
    <word>Morsel</word>
    <word>Motley</word>
    <word>Munificent</word>
  </letter>
  <letter value="N">
    <word>Narcissist</word>
    <word>Nebulous</word>
    <word>Nefarious</word>
    <word>Novel</word>
    <word>Nullify</word>
  </letter>
  <letter value="O">
    <word>Obdurate</word>
    <word>Obfuscate</word>
    <word>Obscure</word>
    <word>Obsolete</word>
    <word>Obstinate</word>
    <word>Opulent</word>
    <word>Ostentatious</word>
    <word>Ostentatious</word>
    <word>Overt</word>
  </letter>
  <letter value="P">
    <word>Pacifist</word>
    <word>Pacify</word>
    <word>Paltry</word>
    <word>Paradox</word>
    <word>Paranoid</word>
    <word>Pariah</word>
    <word>Parsimonious</word>
    <word>Partisan</word>
    <word>Paucity</word>
    <word>Penchant</word>
    <word>Penitent</word>
    <word>Perennial</word>
    <word>Petulant</word>
    <word>Philanthropy</word>
    <word>Pithy</word>
    <word>Placate</word>
    <word>Plaudit</word>
    <word>Pliant</word>
    <word>Polemical</word>
    <word>Pompous</word>
    <word>Ponder</word>
    <word>Pragmatic</word>
    <word>Prattle</word>
    <word>Precipitous</word>
    <word>Precocious</word>
    <word>Predator</word>
    <word>Presumptuous</word>
    <word>Pretentious</word>
    <word>Proclivity</word>
    <word>Profane</word>
    <word>Profligate</word>
    <word>Profound</word>
    <word>Prolific</word>
    <word>Provincial</word>
    <word>Prudent</word>
    <word>Pugnacious</word>
    <word>Pungent</word>
  </letter>
  <letter value="Q">
    <word>Quandary</word>
    <word>Quell</word>
    <word>Quip</word>
  </letter>
  <letter value="R">
    <word>Rant</word>
    <word>Raucous</word>
    <word>Rebuke</word>
    <word>Reclaim</word>
    <word>Redress</word>
    <word>Refurbish</word>
    <word>Refute</word>
    <word>Relic</word>
    <word>Reprimand</word>
    <word>Reproof</word>
    <word>Resignation</word>
    <word>Reticent</word>
    <word>Retract</word>
    <word>Revel</word>
    <word>Revere</word>
    <word>Revile</word>
    <word>Rhetorical</word>
    <word>Rudimentary</word>
    <word>Ruminate</word>
  </letter>
  <letter value="S">
    <word>Sagacious</word>
    <word>Sanctuary</word>
    <word>Saturate</word>
    <word>Savory</word>
    <word>Scant</word>
    <word>Scapegoat</word>
    <word>Sequester</word>
    <word>Serene</word>
    <word>Skeptical</word>
    <word>Skirmish</word>
    <word>Slovenly</word>
    <word>Somber</word>
    <word>Soporific</word>
    <word>Sporadic</word>
    <word>Spurn</word>
    <word>Squalor</word>
    <word>Squander</word>
    <word>Static</word>
    <word>Staunch</word>
    <word>Stoic</word>
    <word>Stratagem</word>
    <word>Strident</word>
    <word>Stringent</word>
    <word>Stymie</word>
    <word>Subvert</word>
    <word>Succinct</word>
    <word>Succinct</word>
    <word>Supercilious</word>
    <word>Supercilious</word>
    <word>Superficial</word>
    <word>Surfeit</word>
    <word>Surreptitious</word>
    <word>Swagger</word>
    <word>Sycophant</word>
  </letter>
  <letter value="T">
    <word>Taciturn</word>
    <word>Tactful</word>
    <word>Tangential</word>
    <word>Tedious</word>
    <word>Temerity</word>
    <word>Tenuous</word>
    <word>Thwart</word>
    <word>Timorous</word>
    <word>Torpor</word>
    <word>Tractable</word>
    <word>Tranquil</word>
    <word>Trepidation</word>
    <word>Tumult</word>
  </letter>
  <letter value="U">
    <word>Undermine</word>
    <word>Uniform</word>
    <word>Usurp</word>
    <word>Utilitarian</word>
  </letter>
  <letter value="V">
    <word>Vapid</word>
    <word>Veracity</word>
    <word>Verbose</word>
    <word>Vilify</word>
    <word>Vindictive</word>
    <word>Vivacious</word>
    <word>Voluble</word>
  </letter>
  <letter value="W">
    <word>Wane</word>
    <word>Wary</word>
    <word>Waver</word>
    <word>Whim</word>
  </letter>
  <letter value="Y">
    <word>Yen</word>
  </letter>
  <letter value="Z">
    <word>Zealous</word>
  </letter>
</words>